pdbid,ligand_id,ligand_resnum,rna_chain,ligand_chain
1aju,ARG,47,A,B
1akx,ARG,47,A,B
1am0,AMP,41,A,B
1arj,ARG,1,N,B
1eht,TEP,34,A,B
1ei2,NMY,26,A,B
1evv,SPM,501,A,L
1f1t,ROS,101,A,J
1f27,BTN,33,A,H
1fmn,FMN,36,A,B
1fuf,SPM,98,B,D
1fyp,PAR,28,A,B
1i2y,SPM,300,D,G
1i9v,NMY,200,A,B
1j7t,PAR,45,A,C
1j7t,PAR,46,B,D
1j8g,SPM,62,A,E
1koc,ARG,1,B,C
1kod,CIR,1,B,C
1lc4,TOY,47,A,C
1lc4,TOY,48,B,D
1lvj,PMZ,47,A,B
1mwl,GET,45,A,C
1mwl,GET,46,A,D
1n7a,SPM,502,B,Q
1n7a,SPM,501,H,S
1n7b,SPM,502,B,Q
1n7b,SPM,501,H,S
1nta,SRY,26,A,F
1ntb,SRY,25,A,E
1o15,TEP,34,A,B
1q8n,MGR,39,A,B
1raw,AMP,37,A,B
1tn1,SPM,77,A,B
1tn2,SPM,77,A,B
1uts,P13,1046,B,B
1uud,P14,1046,B,B
1uui,P12,1046,B,B
1xpf,SPM,108,A,H
1ykv,DAI,100,A,E
1ykv,DAI,100,C,J
1yls,DAI,100,A,E
1yls,DAI,100,C,M
1yrj,AM2,151,A,C
1yrj,AM2,150,B,E
1zz5,CNY,42,A,F
1zz5,CNY,43,A,G
1zz5,CNY,41,C,H
1zz5,CNY,44,C,I
2a04,NMY,17,A,E
2a04,NMY,18,A,F
2a04,NMY,1,C,H
2a04,NMY,17,C,I
2au4,GTP,42,A,B
2be0,JS5,50,A,C
2be0,JS5,51,B,D
2bee,JS4,50,A,C
2bee,JS4,51,B,D
2cky,TPP,1084,A,I
2cky,TPP,1082,B,R
2esi,KAN,50,A,D
2esj,LIV,50,A,C
2esj,LIV,51,B,D
2et3,LLL,50,A,C
2et3,LLL,51,B,D
2et4,NMY,50,A,C
2et4,NMY,51,B,D
2et8,XXX,51,B,C
2f4s,XXX,501,B,C
2f4t,AB9,1,B,C
2f4u,AB6,41,B,C
2g5k,AM2,102,A,C
2g5k,AM2,101,B,F
2gdi,TPP,100,X,K
2gdi,TPP,100,Y,O
2gis,SAM,301,A,H
2ho7,G6P,401,A,C
2hoj,TPP,114,A,P
2hol,TPP,105,A,P
2hom,TPS,97,A,H
2hoo,BFT,95,A,I
2hop,218,92,A,F
2juk,G0B,23,A,B
2kd4,PRL,17,A,C
2kd4,PRL,17,B,D
2kgp,MIX,26,A,B
2ktz,ISH,39,A,B
2ku0,ISI,39,A,B
2kx8,ARG,392,A,B
2kxm,RIO,101,A,B
2l1v,PRF,37,A,B
2l94,L94,46,A,B
2lwk,0EC,101,A,B
2m4q,AM2,101,1,B
2miy,PRF,101,A,B
2mxs,PAR,101,A,B
2n0j,RIO,101,A,B
2nz4,GLP,5001,P,M
2nz4,GLP,5002,F,R
2nz4,GLP,5003,G,W
2nz4,GLP,5004,H,BA
2o3v,N33,50,A,C
2o3w,PAR,101,B,C
2o3x,N30,1,B,C
2o3y,SPM,51,A,C
2oe5,AM2,101,B,E
2oe8,AM2,101,B,C
2pwt,LHA,51,A,C
2pwt,LHA,50,B,D
2pwt,LHA,55,B,E
2qwy,SAM,100,A,H
2qwy,SAM,300,B,K
2qwy,SAM,500,C,O
2tra,SPM,76,A,B
2ydh,SAM,1100,A,G
2ygh,SAM,1096,A,B
2yie,FMN,1114,Z,L
3b4a,GLP,401,A,C
3b4b,GLP,201,A,C
3b4c,GLP,201,A,C
3bnq,PAR,101,C,I
3bnr,PAR,24,C,F
3d2g,TPP,83,A,H
3d2g,TPP,83,B,N
3d2v,PYI,84,A,I
3d2v,PYI,82,B,N
3d2x,D2X,85,A,J
3d2x,D2X,84,B,Q
3dig,SLZ,175,X,Q
3dil,1PE,252,A,LA
3dim,1PE,280,A,T
3dio,1PE,280,X,HA
3diq,1PE,280,A,M
3diq,HRG,175,A,L
3dir,IEL,175,A,N
3ds7,GNG,120,A,I
3ds7,GNG,320,B,Q
3e5c,SAM,216,A,Q
3e5e,SAH,220,A,N
3e5f,EEM,216,A,Q
3egz,CTC,601,B,D
3f2q,FMN,200,X,B
3f2t,FMN,200,X,B
3f2w,FMN,200,X,B
3f2x,FMN,200,X,B
3f2y,FMN,200,X,B
3f30,FMN,200,X,B
3f4e,FMN,200,Y,N
3f4g,RBF,200,Y,M
3f4h,RS3,200,Y,L
3fo4,6GU,91,A,B
3fo6,6GO,91,A,B
3fu2,PRF,101,A,D
3fu2,PRF,101,B,J
3fu2,PRF,101,C,M
3g8t,GLP,5001,E,M
3g8t,GLP,5002,Q,R
3g8t,GLP,5003,R,V
3g8t,GLP,5004,H,Z
3g96,6MN,12,F,M
3g9c,GLP,5001,E,M
3gca,PQ0,34,A,B
3ger,6GU,91,A,B
3ges,6GO,91,A,B
3gog,6GU,91,A,B
3gx2,SFG,301,A,B
3gx3,SAH,301,A,B
3gx5,SAM,301,A,B
3gx6,SAM,301,A,B
3gx7,SAM,301,A,B
3iqn,SAM,301,A,L
3iqr,SAM,301,A,K
3irw,C2E,1,R,C
3iwn,C2E,501,A,E
3iwn,C2E,601,B,F
3k0j,TPP,601,E,G
3k0j,TPP,602,F,N
3k1v,PRF,301,A,B
3l3c,G6P,5001,P,N
3l3c,G6P,5002,Q,S
3l3c,G6P,5003,G,W
3l3c,G6P,5004,H,BA
3mij,R14,30,A,D
3mum,C2E,1,R,C
3mur,C2E,1,R,C
3mut,C2E,1,R,C
3muv,2BA,358,R,C
3mxh,C2E,1,R,D
3npn,SAH,55,A,B
3npq,SAH,55,A,D
3npq,SAH,55,B,J
3npq,SAH,55,C,P
3q3z,C2E,1,V,C
3q3z,C2E,84,V,H
3q3z,C2E,2,A,L
3q3z,C2E,84,A,Q
3q50,PRF,34,A,B
3rkf,DX4,91,A,E
3rkf,DX4,91,B,O
3rkf,DX4,91,C,U
3rkf,DX4,91,D,AA
3s4p,JS6,50,A,C
3s4p,JS6,51,B,D
3sd3,FFO,3631,A,G
3ski,GNG,120,A,C
3ski,GNG,120,B,M
3skl,GNG,120,A,C
3skl,GNG,120,B,J
3skr,GNG,120,A,C
3skr,GNG,120,B,L
3skt,GNG,89,A,C
3skt,GNG,89,B,L
3skw,GNG,120,A,C
3skw,GNG,120,B,L
3skz,GMP,120,A,C
3skz,GMP,120,B,K
3slm,DGP,120,A,C
3slm,DGP,120,B,L
3slq,5GP,120,A,C
3slq,5GP,120,B,I
3suh,FFO,103,X,D
3sux,THF,103,X,C
3td1,GET,50,B,C
3td1,GET,51,B,D
3tzr,SS0,75,A,K
3v7e,SAM,913,C,Q
3v7e,SAM,407,D,KA
3wru,SJP,101,A,C
3wru,SJP,101,B,D
4aob,SAM,1116,A,W
4b5r,SAM,1095,A,B
4e8k,EPE,441,A,QA
4e8k,EPE,443,A,SA
4e8k,EPE,446,A,VA
4e8k,EPE,447,A,WA
4e8k,EPE,448,A,XA
4e8k,SPM,445,A,UA
4e8m,EPE,445,A,TA
4e8m,EPE,446,A,UA
4e8m,EPE,447,A,VA
4e8m,EPE,448,A,WA
4e8m,EPE,450,A,YA
4e8m,SPM,443,A,RA
4e8m,SPM,444,A,SA
4e8n,EPE,448,A,WA
4e8n,EPE,450,A,YA
4e8n,SPM,446,A,UA
4e8p,EPE,447,A,VA
4e8p,EPE,448,A,WA
4e8p,EPE,449,A,XA
4e8p,EPE,451,A,ZA
4e8p,SPM,446,A,UA
4e8q,EPE,449,A,XA
4e8q,EPE,450,A,YA
4e8q,EPE,451,A,ZA
4e8q,SPM,448,A,WA
4e8r,EPE,459,A,HB
4e8r,EPE,460,A,IB
4e8r,EPE,461,A,JB
4e8r,EPE,462,A,KB
4e8t,EPE,442,A,RA
4e8t,EPE,444,A,TA
4e8t,EPE,445,A,UA
4e8t,EPE,446,A,VA
4e8t,EPE,447,A,WA
4e8t,SPM,440,A,PA
4e8t,SPM,441,A,QA
4e8v,EPE,452,A,AB
4e8v,EPE,453,A,BB
4e8v,EPE,455,A,DB
4e8v,EPE,456,A,EB
4f8u,SIS,101,A,C
4f8u,SIS,101,B,D
4f8v,SIS,101,A,C
4f8v,SIS,101,B,D
4faq,EPE,447,A,VA
4faq,EPE,448,A,WA
4faq,EPE,450,A,YA
4faq,EPE,451,A,ZA
4faq,EPE,452,A,AB
4faq,SPM,445,A,TA
4faq,SPM,446,A,UA
4far,EPE,447,A,WA
4far,EPE,449,A,YA
4far,EPE,454,A,DB
4far,SPM,452,A,BB
4far,SPM,453,A,CB
4fau,EPE,426,A,AA
4fau,EPE,427,A,BA
4fau,EPE,428,A,CA
4fau,SPM,425,A,Z
4faw,EPE,453,A,CB
4faw,EPE,455,A,EB
4faw,SPM,452,A,BB
4fax,EPE,429,A,DA
4fax,EPE,431,A,FA
4fax,EPE,432,A,GA
4fb0,EPE,443,A,RA
4fb0,EPE,446,A,UA
4fb0,EPE,447,A,VA
4fb0,EPE,449,A,XA
4fb0,SPM,445,A,TA
4gpw,6HS,101,A,C
4gpw,6HS,102,A,D
4gpx,6HS,101,A,C
4gpx,6HS,101,B,D
4gpy,6HS,101,A,C
4gpy,6HS,102,A,D
4jf2,PRF,101,A,B
4k31,AM2,101,B,C
4k31,AM2,102,C,F
4k32,GET,101,A,C
4k32,GET,101,B,D
4kqy,SAM,201,A,B
4kzd,1TU,103,R,G
4l81,SAM,101,A,B
4lvv,FFO,101,A,B
4lvv,FFO,102,A,C
4lvx,H4B,101,A,B
4lvx,H4B,102,A,C
4lvy,LYA,101,A,B
4lvy,LYA,102,A,C
4lx5,29G,501,A,B
4lx6,29H,601,A,B
4nfo,SPM,101,C,D
4nya,2QB,110,A,L
4nya,2QB,107,B,S
4nyb,2QC,101,A,B
4nyg,VIB,101,A,B
4oqu,SAM,101,A,B
4p20,AKN,101,A,C
4p20,AKN,101,B,D
4p3s,GET,101,A,C
4p3s,GET,102,A,D
4p3s,GET,103,A,E
4p5j,SPM,115,A,P
4pdq,NMZ,101,B,D
4q9q,2ZZ,103,R,F
4q9r,2ZY,102,R,E
4qk8,2BA,201,A,B
4qk8,2BA,202,A,C
4qk9,2BA,201,A,B
4qk9,2BA,202,A,C
4qka,2BA,201,A,B
4qka,2BA,202,A,C
4qlm,2BA,203,A,D
4qlm,2BA,204,A,E
4qln,2BA,201,A,B
4qln,2BA,202,A,C
4qvi,MES,2204,B,J
4r0d,SPM,701,A,C
4r0d,SPM,702,A,D
4rzd,PRF,201,A,B
4w90,2BA,201,C,C
4w90,2BA,202,C,D
4w92,2BA,208,C,J
4w92,2BA,209,C,K
4xw7,AMZ,101,A,B
4xwf,AMZ,101,A,B
4y1i,GTP,201,A,C
4y1i,GTP,226,A,BA
4y1j,GTP,201,A,C
4y1j,GTP,202,B,YA
4y1m,GTP,212,B,N
4y1m,GTP,208,A,GB
4yaz,4BW,106,R,H
4yaz,4BW,103,A,L
4yb0,C2E,102,R,D
4yb0,C2E,102,A,K
4yb1,4BW,102,R,D
4zc7,PAR,101,A,E
4zc7,PAR,101,C,F
4znp,AMZ,101,A,C
4znp,AMZ,101,B,F
5bjo,747,104,Y,K
5bjp,747,104,Y,L
5btp,AMZ,108,B,J
5btp,AMZ,106,A,Q
5c45,51B,105,X,G
5d5l,PRF,117,A,U
5d5l,PRF,109,B,JA
5d5l,PRF,104,C,QA
5d5l,PRF,106,D,ZA
5fjc,SAM,101,A,B
5fk1,SAM,1095,A,B
5fk2,SAM,1095,A,B
5fk3,SAM,1095,A,B
5fk4,SAM,1094,A,B
5fk5,SAM,1095,A,B
5fk6,SAM,1095,A,B
5fkd,SAM,1095,A,B
5fke,SAM,1095,A,B
5fkf,SAM,1095,A,B
5fkg,SAM,1095,A,B
5fkh,SAM,1095,A,B
5kpy,4PQ,101,A,B
5kx9,6YG,108,X,J
5lwj,GTP,101,A,B
5ob3,1TU,101,A,B
5ob3,SPM,104,A,E
5t83,SPK,110,A,K
5v1l,SPM,303,B,H
5v3f,74G,104,A,F
5v3f,74G,104,B,J
5vj9,SPM,103,B,I
5vjb,SPM,102,B,H
5xi1,MYC,101,S,C
5xi1,MYC,102,S,D
5xz1,GET,101,A,E
5xz1,GET,301,B,F
5xz1,GET,101,C,G
5xz1,GET,102,C,H
5z1h,FSJ,301,A,C
5z1i,FSJ,301,A,B
5z71,GET,201,B,C
5zei,GET,101,A,C
5zei,GET,101,B,D
5zej,PAR,101,B,C
6bfb,DKM,500,X,C
6c63,EKJ,101,A,D
6c63,EKJ,101,B,H
6c63,EKJ,101,C,K
6c64,EKM,101,A,D
6c64,EKM,101,B,H
6c65,EKJ,101,A,D
6c65,EKJ,101,B,H
6c65,EKJ,101,C,L
6cb3,GTP,219,A,U
6cb3,GTP,221,B,AB
6cc1,GTP,214,A,P
6cc1,GTP,201,B,Q
6cc3,GTP,211,B,FA
6chr,SPM,741,A,QA
6ck4,G4P,214,A,R
6ck4,G4P,208,B,Z
6ck4,G4P,211,C,KA
6ck4,G4P,211,D,WA
6ck4,GTP,201,A,E
6ck5,PRP,217,A,S
6ck5,PRP,216,B,IA
6db8,G4A,101,R,D
6dlq,PRP,201,A,B
6dlr,PRP,201,A,B
6dls,PRP,201,A,B
6dlt,PRP,207,A,H
6dmc,G4P,201,A,C
6dmc,G4P,201,B,W
6dmd,G4P,201,A,C
6dmd,G4P,201,B,V
6dme,G4P,201,A,B
6dn1,GZ7,201,Z,G
6dn2,GZG,203,Y,I
6dn3,GZ4,201,Y,H
6e1s,HLV,101,A,B
6e1u,HMJ,101,A,B
6e1v,HMV,101,A,B
6e1w,HNG,101,A,B
6e81,TFX,101,A,B
6e82,TFX,102,A,C
6e84,J0D,102,A,C
6e8t,HZG,101,C,G
6e8t,HZG,101,B,J
6e8u,HZD,106,B,G
6fz0,SAM,104,A,E
6g7z,MES,201,B,E
6gyv,MES,201,A,B
6gzk,FH8,101,A,B
6gzr,FH8,101,A,B
6hag,SAH,101,A,B
6hbt,FXQ,103,A,D
6hc5,FXT,105,A,F
6hmo,GDZ,101,A,C
6jbf,V71,100,B,E
6jbg,S81,301,B,E
6jji,POH,104,B,E
6las,SAM,101,A,F
6las,SAM,101,B,G
6lau,GTP,103,A,H
6lau,SAH,101,A,F
6lau,SAH,101,B,I
6lax,SAM,101,A,F
6lax,SAM,101,B,G
6laz,E7X,102,A,G
6laz,E7X,101,B,H
6n5k,2BA,201,A,B
6n5k,2BA,202,A,C
6n5n,2BA,201,A,B
6n5n,2BA,202,A,C
6n5o,2BA,201,A,B
6n5o,2BA,202,A,C
6n5p,2BA,201,A,B
6n5p,2BA,202,A,C
6n5q,2BA,201,A,B
6n5q,2BA,202,A,C
6n5s,2BA,202,A,C
6n5s,2BA,203,A,D
6n5t,2BA,201,A,B
6n5t,2BA,202,A,C
6od9,AMZ,102,A,D
6od9,AMZ,102,B,I
6p2h,GNG,101,A,B
6pq7,OXV,102,C,C
6q57,T0A,101,A,B
6q57,T0A,102,A,C
6qiv,J4H,101,A,B
6t3k,EPE,448,A,XA
6t3k,EPE,444,A,TA
6t3k,EPE,445,A,UA
6t3k,SPM,449,A,YA
6t3k,SPM,450,A,ZA
6t3n,EPE,426,A,AA
6t3n,EPE,428,A,CA
6t3n,EPE,429,A,DA
6t3r,EPE,447,A,WA
6t3r,EPE,454,A,DB
6t3r,SPM,452,A,BB
6t3r,SPM,453,A,CB
6t3s,EPE,428,A,CA
6t3s,EPE,430,A,EA
6t3s,EPE,431,A,FA
6tb7,AMP,101,A,B
6tf0,NAI,111,A,L
6tf1,ADP,109,A,J
6tf2,ATP,109,A,J
6tf3,3AT,109,A,J
6tfe,N6E,117,A,R
6tff,NAD,109,A,J
6tfg,PPS,112,A,M
6tfh,NAD,110,A,K
6uc7,Q44,109,B,J
6uc8,ANG,101,B,B
6uc9,CMG,109,B,J
6uej,SPM,101,B,G
6uet,SAM,301,A,B
6up0,YO3,104,C,F
6up0,YO3,104,D,K
6v9b,QSA,101,D,G
6v9d,QW4,101,E,H
6va2,QSV,101,A,C
6va3,MQC,101,A,C
6va4,QSY,101,B,C
6vui,PRF,101,A,B
6wtl,2BA,201,A,B
6wtl,2BA,202,A,C
6wtr,2BA,201,A,B
6wtr,2BA,202,A,C
6wzr,UG1,106,A,H
6wzr,UG1,103,B,K
6wzs,UG4,107,B,I
6wzs,UG4,107,A,P
6xb7,UYS,101,A,B
6xkn,PRF,201,A,B
6xko,PRF,201,A,B
6xrq,V8A,102,A,F
6xrq,V8A,103,A,G
6yl5,SAH,101,C,W
6yl5,SAH,101,G,FA
6ylb,SAM,101,C,O
6ylb,SAM,101,I,R
6ylb,SAM,101,O,U
6ymi,AMP,102,C,Q
6ymi,AMP,102,I,V
6ymi,CBV,101,C,P
6ymi,CBV,101,I,U
6ymk,MTA,101,C,O
6ymk,MTA,101,I,U
6ymk,MTA,101,O,Y
6yml,DSH,101,C,H
6ymm,SAM,101,C,H
7a3y,BER,101,A,C
7d12,L94,101,A,B
7d7v,GTP,101,A,C
7d7v,NAD,110,A,L
7d7w,GTP,101,A,B
7d7w,NAD,102,A,C
7d7x,ADP,110,A,K
7d7x,GTP,101,A,B
7d7y,ATP,102,A,C
7d7y,GTP,101,A,B
7d7z,GTP,101,A,B
7d7z,NAD,129,A,DA
7d81,NAD,104,A,E
7d82,NAD,108,A,I
7dwh,SAM,102,X,H
7dwh,SAM,102,Y,J
7e9e,J0C,101,A,B
7e9i,J0C,101,A,B
7eaf,SAM,101,A,B
7edl,GET,101,A,C
7edl,GET,101,B,E
7edm,GET,101,B,E
7edm,GET,102,B,F
7edt,SPM,401,A,C
7elp,GTP,101,B,S
7eog,J8F,102,A,C
7eoh,J8F,101,A,B
7eoi,J8F,101,A,B
7eoj,J8F,101,A,B
7eok,J8L,102,A,C
7eol,J8O,107,A,H
7eom,J8R,102,A,C
7eon,J8U,102,A,C
7eoo,J8X,102,A,C
7eop,J93,107,A,H
7fhi,53D,101,A,B
7fj0,53D,101,A,B
7kvt,2ZY,101,B,B
7kvu,2ZY,106,G,G
7kvv,747,302,D,C
7l0z,SPM,103,G,D
7l0z,SPM,104,G,E
7mkt,MMP,101,A,B
7oa3,V5Z,101,A,C
7oa3,V5Z,101,B,K
7oav,GTP,102,C,Q
7oav,V5Z,101,A,E
7oav,V5Z,101,B,K
7oav,V5Z,101,C,P
7oav,V5Z,101,D,T
7oaw,GTP,101,B,K
7oaw,GTP,102,C,Q
7oaw,SPM,101,C,P
7oaw,V6T,104,A,H
7oaw,V6T,104,B,N
7oaw,V6T,105,C,T
7oaw,V6T,104,D,Y
7oax,SPM,102,B,N
7oax,SPM,102,D,CA
7oax,V5Z,102,A,F
7oax,V5Z,103,B,O
7oax,V5Z,103,C,W
7oax,V5Z,103,D,DA
7rwr,FMN,101,A,B
7szu,J8F,103,R,F
7td7,VIB,104,A,E
7tda,TPP,201,A,B
7tdb,GMI,101,A,B
7tdc,GMI,101,A,B
7tzr,KWU,101,X,C
7tzr,KWU,101,Y,G
7tzt,KXC,104,A,E
7tzu,KWL,101,A,B
7u0y,KY6,301,R,D
7wib,THG,101,V,B
7wif,H4B,101,V,B
7wii,NPR,101,V,B
7yc8,GTP,501,N,B
7ycg,GTP,501,N,C
7ych,GTP,501,N,C
7yci,GTP,501,N,C
7zj4,1TU,402,E,C
7zj4,J93,401,E,B
8cf2,ULR,101,A,C
8d28,TEP,101,B,C
8d28,TEP,101,A,J
8d2a,QB3,101,A,C
8d2a,QB3,101,B,G
8d2b,QAX,101,A,C
8d2b,QAX,101,B,H
8d5l,QIJ,101,A,E
8d5l,QIJ,101,B,J
8d5l,QIJ,101,C,O
8d5l,QIJ,101,D,T
8d5o,QEU,101,A,C
8d5o,QEU,101,B,D
8eyu,X5R,103,B,E
8eyu,X5R,104,A,I
8eyv,747,103,B,I
8eyv,747,104,A,F
8eyw,TFX,104,B,F
8eyw,TFX,103,A,I
8f0n,747,103,B,E
8f0n,747,104,A,I
8f4o,PG4,113,B,GA
8fza,PRF,101,A,C
8fza,PRF,101,B,F
8g4w,PRF,101,R,I
8g7e,PRF,101,R,I
8g8z,PRF,101,R,I
8gxb,NAD,101,A,H
8gxb,NAD,101,B,S
8gxc,NMN,101,A,H
8gxc,NMN,101,B,O
8hb1,NMN,101,B,F
8hb1,NMN,102,B,G
8hb3,NNR,101,A,C
8hb3,NNR,101,B,D
8hb8,NMN,101,A,B
8hb8,NMN,102,A,C
8hba,NAD,101,A,C
8hba,NAD,102,A,D
8hba,NAD,101,B,E
8hba,NMN,102,B,F
8i3z,NMN,101,B,D
8i3z,NMN,102,B,E
8i43,53D,20,A,B
8i44,53D,20,A,B
8i45,53D,20,A,B
8i46,53D,20,A,B
8i7n,OJI,529,N,DA
8r62,Y59,101,A,C
8r63,Y53,101,B,C
8r8p,YB3,101,B,C
8u5k,VK0,104,A,G
8u5k,VK0,103,B,J
8u5k,VK0,104,C,N
8u5p,VKI,104,A,G
8u5t,VLR,105,A,H
8u5t,VLR,104,B,L
8u5t,VLR,103,C,O
8u5z,W6F,104,B,M
8u5z,W6F,103,C,P
8u60,VK0,105,A,H
8u60,VK0,105,B,M
8u60,VK0,105,C,R
8uiw,CTI,202,N,H
8uiw,CTI,205,R,M
8uta,PRL,204,N,J
8uta,PRL,204,R,N
6ymj,ADN,102,C,Q
6ymj,ADN,102,I,U
4ts2,38E,104,Y,H
6yl5,SAH,101,K,NA
6ymi,AMP,102,O,Z
6ymj,ADN,102,O,AA
